{"cameraMode":{"drawMode":0,"name":"Shaded","section":"Shading Mode"},"sceneLighting":true,"audioPlay":false,"sceneViewState":{"m_AlwaysRefresh":false,"showFog":true,"showSkybox":true,"showFlares":true,"showImageEffects":true,"showParticleSystems":true,"showVisualEffectGraphs":true,"m_FxEnabled":true},"in2DMode":false,"pivot":{"x":-5.086525917053223,"y":16.994808197021486,"z":0.6945791244506836},"rotation":{"x":-0.13030755519866944,"y":-0.10300550609827042,"z":0.013613732531666756,"w":-0.9860365390777588},"size":5.519839286804199,"orthographic":false}