{"cameraMode":{"drawMode":0,"name":"Shaded","section":"Shading Mode"},"sceneLighting":false,"audioPlay":false,"sceneViewState":{"m_AlwaysRefresh":false,"showFog":true,"showSkybox":false,"showFlares":true,"showImageEffects":true,"showParticleSystems":true,"showVisualEffectGraphs":true,"m_FxEnabled":true},"in2DMode":false,"pivot":{"x":0.40543344616889956,"y":0.8431510925292969,"z":-2.8490028381347658},"rotation":{"x":0.1529870480298996,"y":-0.6956506967544556,"z":0.15548473596572877,"w":0.6844682693481445},"size":2.9202260971069338,"orthographic":true}